{"cameraMode":{"drawMode":0,"name":"Shaded","section":"Shading Mode"},"sceneLighting":true,"audioPlay":false,"sceneViewState":{"m_AlwaysRefresh":false,"showFog":true,"showSkybox":true,"showFlares":true,"showImageEffects":true,"showParticleSystems":true,"showVisualEffectGraphs":true,"m_FxEnabled":true},"in2DMode":false,"pivot":{"x":456.9291076660156,"y":29.47873306274414,"z":136.77932739257813},"rotation":{"x":-0.00027818186208605766,"y":0.9995757937431336,"z":0.010186453349888325,"w":0.027296122163534166},"size":12.12435531616211,"orthographic":false}